v,a,g,i,n,a,l, ,r,i,s,e,s
b,e,e,n, ,p,e,r,f,o,r,m,e,d
s,p,e,c,i,e,s,-,L
d,i,f,f,e,r,e,d, ,b,a,s,e,d
f,e,e,d,i,n,g, ,m,e,t,h,o,d
o,r,a,l, ,m,i,c,r,o,b,i,o,t,a
h,y,d,r,o,g,e,n, ,p,e,r,o,x,i,d,e
a,d,h,e,s,i,v,e, ,a,c,t,i,v,i,t,y, ,d,e,p,e,n,d,s
c,a,u,s,e,s
c,o,n,t,a,i,n, ,p,a,t,h,o,g,e,n,i,c
c,o,m,m,o,n, ,s,p,e,c,i,e,s
L,a,c,t,o,b,a,c,i,l,l,u,s, ,s,p,e,c,i,e,s
e,p,i,t,h,e,l,i,a,l, ,c,e,l,l,s
C,o,n,v,e,n,t,i,o,n,a,l, ,i,s,o,l,a,t,i,o,n, ,m,e,t,h,o,d
k,i,d,n,e,y, ,p,a,t,h,o,l,o,g,i,e,s
v,a,g,i,n,a,l, ,s,a,m,p,l,e,s
i,s,o,l,a,t,e, ,i,d,e,n,t,i,f,i,c,a,t,i,o,n,s
p,r,i,m,a,r,y, ,r,o,l,e
p,r,e,-,m,e,n,o,p,a,u,s,a,l, ,w,o,m,e,n
s,u,p,r,e,s,s, ,S,t,r,e,p,t,o,c,o,c,c,u,s, ,m,u,t,a,n,s
p,r,e,n,a,t,a,l, ,p,e,r,i,o,d
c,l,u,s,t,e,r,e,d, ,s,a,m,p,l,e,s
g,e,n,u,s, ,s,p,e,c,i,f,i,c,i,t,y
o,l,i,g,o,s,a,c,c,h,a,r,i,d,e,s
s,p,o,r,o,u,s, ,m,i,c,r,o,o,r,g,a,n,i,s,m,s
b,e,n,e,f,i,c,i,a,l, ,s,t,r,a,i,n,s
p,r,o,b,i,o,t,i,c, ,c,o,m,b,i,n,a,t,i,o,n
v,a,g,i,n,a,l, ,c,e,l,l,s
t,o,t,a,l, ,n,u,m,b,e,r
i,n,h,i,b,i,t,o,r,y, ,e,f,f,e,c,t
b,e,c,o,m,e, ,a,c,i,d,i,c
r,R,N,A,-,t,e,m,p,o,r,a,l, ,t,e,m,p,e,r,a,t,u,r,e, ,g,e,l, ,e,l,e,c,t,r,o,p,h,o,r,e,s,i,s
f,r,u,c,t,o,o,l,i,g,o,s,a,c,c,h,a,r,i,d,e, ,s,e,r,i,e,s
v,a,g,i,n,a,l, ,m,i,c,r,o,b,i,o,t,a
v,a,g,i,n,a,l,i,s
L,a,c,t,o,b,a,c,i,l,l,u,s,-,d,o,m,i,n,a,t,e,d, ,h,u,m,a,n, ,v,a,g,i,n,a
s,e,x,u,a,l, ,r,e,s,p,o,n,s,e
a,n,a,e,r,o,b,i,c, ,m,e,t,a,b,o,l,i,s,m
-,p,r,o,d,u,c,i,n,g, ,l,a,c,t,o,b,a,c,i,l,l,i
a,n,t,i,f,u,n,g,a,l, ,d,r,u,g,s
l,a,c,t,i,c, ,a,c,i,d,-,p,r,o,d,u,c,i,n,g, ,b,a,c,t,e,r,i,a
e,s,t,r,o,g,e,n, ,c,a,u,s,e
u,t,e,r,i,n,e, ,c,a,v,i,t,y
w,h,o,l,e,-,c,h,r,o,m,o,s,o,m,a,l, ,D,N,A
m,i,c,r,o,b,i,a,l, ,c,e,n,o,s,i,s
b,e,e,n, ,r,e,p,o,r,t,e,d
L,a,c,t,i,c, ,a,c,i,d, ,b,a,c,t,e,r,i,a
i,n,f,a,n,t,-,i,s,o,l,a,t,e,d, ,l,a,c,t,o,b,a,c,i,l,l,i
H,u,m,a,n, ,O,r,a,l, ,M,i,c,r,o,b,e, ,I,d,e,n,t,i,f,i,c,a,t,i,o,n, ,M,i,c,r,o,a,r,r,a,y, ,H,O,M,I,M
b,a,c,t,e,r,i,a,l, ,v,a,g,i,n,o,s,i,s
D,e,M,a,n,-,R,o,g,o,s,a,-,S,h,a,r,p,e, ,a,g,a,r
P,r,e,v,i,o,u,s, ,r,e,p,o,r,t,s
a,g,a,r, ,d,i,f,f,u,s,i,o,n, ,m,e,t,h,o,d
m,a,i,n, ,p,r,o,b,i,o,t,i,c, ,p,r,o,p,e,r,t,i,e,s
P,o,s,s,i,b,l,e, ,m,e,c,h,a,n,i,s,m,s
P,r,e,v,o,t,e,l,l,a, ,b,i,v,i,a
v,a,g,i,n,a,l, ,f,l,o,r,a
g,a,s,-,p,r,o,d,u,c,i,n,g, ,m,i,c,r,o,f,l,o,r,a
s,e,l,e,c,t,e,d
p,o,t,e,n,t,i,a,l, ,p,r,e,b,i,o,t,i,c, ,p,r,o,p,e,r,t,i,e,s
F,O,S, ,R,a,f,t,i,l,o,s,e
l,a,c,t,i,c, ,b,a,c,t,e,r,i,a
S,u,c,h, ,r,a,t,e,s
r,R,N,A, ,g,e,n,e
F,O,S, ,A,c,t,i,l,i,g,h,t
u,n,d,e,s,c,r,i,b,e,d, ,s,p,e,c,i,e,s
a,l,p,h,a,-,1,",",2,/,a,l,p,h,a,-,1,",",6,/,a,l,p,h,a,-,1,",",4, ,G,O,S
g,r,o,u,p,-,s,p,e,c,i,f,i,c, ,p,r,i,m,e,r,s
C,-,s,e,c,t,i,o,n, ,d,e,l,i,v,e,r,y
h,i,g,h, ,r,i,s,k
g,r,o,w,t,h, ,m,e,d,i,u,m
a,d,h,e,s,i,v,e,n,e,s,s
p,r,e,g,n,a,n,c,y, ,m,i,c,r,o,b,i,o,c,e,n,o,s,i,s
W,e,i,s,s,e,l,l,a, ,c,i,b,a,r,i,a
v,a,g,i,n,a,l, ,l,a,c,t,o,b,a,c,i,l,l,i
K,o,r,e,a,n, ,w,o,m,e,n
p,r,o,t,e,c,t,i,v,e, ,e,f,f,e,c,t
v,a,g,i,n,a,l, ,a,c,i,d,i,t,y
l,o,w,e,r, ,f,r,e,q,u,e,n,c,y
m,i,c,r,o,g,/,m,l, ,c,o,n,c,e,n,t,r,a,t,i,o,n,s
p,r,e,d,o,m,i,n,a,n,t, ,v,a,g,i,n,a,l, ,s,p,e,c,i,e,s
v,a,g,i,n,a,l, ,l,a,c,t,o,b,a,c,i,l,l,i, ,s,t,r,a,i,n,s
l,a,r,g,e, ,i,n,h,i,b,i,t,o,r,y, ,e,f,f,e,c,t
G,a,r,d,n,e,r,e,l,l,a, ,v,a,g,i,n,a,l,i,s
p,r,e,b,i,o,t,i,c, ,p,r,o,p,e,r,t,i,e,s
n,o,r,m,a,l, ,c,o,u,r,s,e
d,i,v,e,r,s,e, ,b,a,c,t,e,r,i,a
L,a,c,t,o,b,a,c,i,l,l,u,s,-,d,e,n,a,t,u,r,i,n,g, ,g,r,a,d,i,e,n,t, ,g,e,l, ,e,l,e,c,t,r,o,p,h,o,r,e,s,i,s
L,a,c,t,o,b,a,c,i,l,l,u,s, ,a,c,i,d,o,p,h,i,l,u,s
u,r,o,g,e,n,i,t,a,l, ,i,n,f,e,c,t,i,o,n,s
d,e,m,o,n,s,t,r,a,t,e, ,a,r,g,i,n,i,n,e, ,d,e,i,m,i,n,a,s,e, ,a,c,t,i,v,i,t,y
d,e,l,b,r,u,e,c,k,i,i, ,s,p,p
p,r,o,i,n,f,l,a,m,m,a,t,o,r,y, ,m,o,l,e,c,u,l,e,s
i,s,o,l,a,t,e,d, ,s,t,r,a,i,n,s
a,n,t,i,f,u,n,g,a,l, ,a,c,t,i,v,i,t,y
t,o,t,a,l, ,s,a,l,i,v,a,r,y, ,l,a,c,t,o,b,a,c,i,l,l,i, ,c,o,u,n,t,s
a,c,i,d, ,p,r,o,d,u,c,t,i,o,n
t,h,r,e,e,-,m,o,n,t,h, ,o,l,d, ,i,n,f,a,n,t,s
p,r,e,v,a,l,e,n,t, ,L,A,B,s
p,r,e,t,e,r,m, ,b,i,r,t,h
v,a,g,i,n,a,l, ,e,p,i,t,h,e,l,i,u,m
L,a,c,t,o,b,a,c,i,l,l,u,s, ,s,p,p
s,e,l,e,c,t, ,e,n,d,o,g,e,n,o,u,s, ,h,u,m,a,n
i,n,c,r,e,a,s,e,d, ,l,e,v,e,l,s
s,p,e,c,i,f,i,c, ,p,r,i,m,e,r,s
v,a,g,i,n,a
V,a,g,i,n,a,l, ,l,a,c,t,o,b,a,c,i,l,l,i
v,a,g,i,n,a,l, ,s,u,p,p,o,s,i,t,o,r,i,e,s
p,r,o,d,u,c,t,i,o,n
d,i,f,f,e,r,e,n,t, ,o,l,i,g,o,s,a,c,c,h,a,r,i,d,e, ,s,e,r,i,e,s
A,m,e,r,i,c,a,n, ,T,y,p,e, ,C,u,l,t,u,r,e, ,C,o,l,l,e,c,t,i,o,n, ,L,a,c,t,o,b,a,c,i,l,l,u,s
v,a,g,i,n,a,l, ,b,i,o,c,e,n,o,s,i,s
H,O,M,I,M
v,a,g,i,n,a,l, ,c,o,l,o,n,i,z,a,t,i,o,n
f,o,r,m,u,l,a,-,f,e,d, ,i,n,f,a,n,t,s
l,o,w, ,i,n,h,i,b,i,t,o,r,y, ,e,f,f,e,c,t
c,r,i,s,p,a,t,u,s
p,r,o,t,e,c,t, ,p,r,e,g,n,a,n,t, ,w,o,m,e,n
n,a,t,u,r,a,l, ,r,e,s,i,s,t,a,n,c,e
c,o,n,d,i,t,i,o,n,a,l,-,p,a,t,h,o,g,e,n,i,c, ,m,i,c,r,o,o,r,g,a,n,i,s,m,s
a,n,t,i,f,u,n,g,a,l, ,d,r,u,g
c,a,u,s,e, ,b,a,c,t,e,r,i,a,l, ,v,a,g,i,n,o,s,i,s
i,n,f,a,n,t,s
B,V,-,a,s,s,o,c,i,a,t,e,d, ,b,a,c,t,e,r,i,a
p,r,e,v,e,n,t, ,v,a,g,i,n,a,l, ,i,n,f,e,c,t,i,o,n,s
l,a,c,t,o,b,a,c,i,l,l,i, ,r,e,p,l,a,c,e,m,e,n,t, ,t,h,e,r,a,p,y
c,h,a,r,a,c,t,e,r,i,s,t,i,c, ,e,l,e,v,a,t,e,d, ,v,a,g,i,n,a,l
a,c,i,d,i,t,y
o,v,e,r,g,r,o,w,t,h
c,h,a,r,a,c,t,e,r,i,s,t,i,c,s
r,e,d,u,c,e,d, ,r,i,s,k
v,a,g,i,n,a,l, ,L,a,c,t,o,b,a,c,i,l,l,u,s
o,b,s,e,r,v,e,d, ,i,n,c,l,u,d,e, ,s,p,e,c,i,e,s, ,s,u,p,p,r,e,s,s,i,o,n
c,o,m,p,a,r,a,t,i,v,e, ,r,e,s,e,a,r,c,h
E,n,t,e,r,o,c,o,c,c,u,s, ,f,a,e,c,i,u,m
L,e,u,c,o,n,o,s,t,o,c, ,l,a,c,t,i,s
s,e,m,i,q,u,a,n,t,i,t,a,t,i,v,e, ,m,e,t,h,o,d
b,r,e,a,s,t, ,m,i,l,k
m,a,l,e, ,e,j,a,c,u,l,a,t,e
s,p,o,r,e, ,m,i,c,r,o,o,r,g,a,n,i,s,m,s
p,r,e,g,n,a,n,t, ,w,o,m,e,n
F,O,S, ,A,c,t,i,l,i,g,h,t, ,D,P,3
p,a,t,h,o,g,e,n,i,c, ,m,i,c,r,o,o,r,g,a,n,i,s,m,s
o,l,i,g,o,s,a,c,c,h,a,r,i,d,e, ,s,e,r,i,e,s
s,t,r,a,i,n,s
l,a,c,t,i,c, ,a,c,i,d, ,b,a,c,t,e,r,i,a
F,i,f,t,y,-,e,i,g,h,t, ,L,a,c,t,o,b,a,c,i,l,l,u,s
v,a,g,i,n,a,l, ,e,p,t,h,e,l,i,u,m
p,o,s,s,i,b,l,e, ,c,o,n,f,o,u,n,d,e,r,s
i,n,t,e,s,t,i,n,a,l, ,m,i,c,r,o,f,l,o,r,a
W,e,s,t,e,r,n, ,w,o,m,e,n
v,a,g,i,n,a,l, ,e,n,v,i,r,o,n,m,e,n,t
c,h,o,r,i,o,a,m,n,i,o,t,i,c, ,m,e,m,b,r,a,n,e,s
j,e,n,s,e,n,i,i
p,a,t,h,o,g,e,n,i,c, ,s,p,e,c,i,e,s
b,r,e,a,s,t,f,e,d
v,a,g,i,n,a,l, ,s,w,a,b,s
b,r,e,a,s,t,f,e,d, ,i,n,f,a,n,t,s
M,u,l,t,i,v,a,r,i,a,t,e, ,m,o,d,e,l,l,i,n,g
p,a,t,h,o,g,e,n,i,c, ,m,i,c,r,o,f,l,o,r,a
i,n,v,e,s,t,i,g,a,t,e, ,g,r,o,w,t,h, ,i,n,h,i,b,i,t,i,o,n
l,a,r,g,e, ,a,m,o,u,n,t,s
c,o,n,t,r,a,c,e,p,t,i,v,e, ,u,s,a,g,e
P,e,p,t,o,s,t,r,e,p,t,o,c,o,c,c,u,s, ,a,n,a,e,r,o,b,i,u,s
l,a,c,t,o,b,a,c,i,l,l,i
O,r,a,l, ,s,w,a,b,s
f,o,r,m,u,l,a,-,f,e,d, ,t,h,r,e,e,-,m,o,n,t,h,-,o,l,d, ,i,n,f,a,n,t,s
S,t,r,e,p,t,o,c,o,c,c,u,s, ,s,a,l,i,v,a,r,i,u,s, ,s,u,b,s,p
l,a,t,e,r,a,l, ,v,a,g,i,n,a,l, ,w,a,l,l
a,n,t,i,-,f,u,n,g,a,l, ,d,r,u,g,s
g,l,u,c,o,o,l,i,g,o,s,a,c,c,h,a,r,i,d,e, ,s,e,r,i,e,s
e,x,p,o,n,e,n,t,i,a,l, ,g,r,o,w,t,h
s,e,l,e,c,t,e,d, ,l,a,c,t,o,b,a,c,i,l,l,i
L,a,c,t,o,b,a,c,i,l,l,u,s, ,v,a,g,i,n,a,l,i,s
h,y,d,r,o,g,e,n, ,p,e,r,o,x,i,d,e, ,p,r,o,d,u,c,t,i,o,n
p,o,t,e,n,t,i,a,l, ,v,a,g,i,n,a,l, ,p,r,o,b,i,o,t,i,c, ,s,t,r,a,i,n
l,a,c,t,o,b,a,c,i,l,l,i, ,s,t,r,a,i,n,s
